document_id,source_pdf,sha256,report_type,reporting_year,reporting_month,page_count,extraction_method,status,extracted_row_count,warnings,failures
FRApril2025_0,/Users/nikhil/Desktop/SIH/NIRMAN AI/data/raw/paimana/zip/FRApril2025_0.pdf,58049244170b9d8c0588ccf660e79e7b56bfc7e60a333f784e6e08392cf81eef,unknown_report,2025,4,273,pdfplumber,success,1861,,
FRFebruary2025,/Users/nikhil/Desktop/SIH/NIRMAN AI/data/raw/paimana/zip/FRFebruary2025.pdf,f0169da66793c59294c54be8423d4701a6e6beea2206bf28abd801858e32c525,unknown_report,2025,2,251,pdfplumber,success,1873,,
FRJanuary2025,/Users/nikhil/Desktop/SIH/NIRMAN AI/data/raw/paimana/zip/FRJanuary2025.pdf,c11e9b2bc0d0272b43a33c1e63d2ef931a09dc8751c035d1f7e2d4f85ba8973c,flash_report,2025,1,0,pdfplumber,warning,0,no_project_rows_extracted,No /Root object! - Is this really a PDF?
FRMarch2025_0,/Users/nikhil/Desktop/SIH/NIRMAN AI/data/raw/paimana/zip/FRMarch2025_0.pdf,0eadcd75710a8f8221189047161de51d5017038f1a2a4c1f50f9457857ba3eb0,unknown_report,2025,3,244,pdfplumber,success,1867,,
FR_May2025_0,/Users/nikhil/Desktop/SIH/NIRMAN AI/data/raw/paimana/zip/FR_May2025_0.pdf,1326fc47d272e8f2225db45645bd1dd4eacee1ab4a15bff8a1f6edfc70b45171,unknown_report,2025,5,212,pdfplumber,success,1826,,
publications_reports1756205845020_02889be0-ee2a-48e5-a4bd-f381340b5d88_FR_JUNE_2025-compressed,/Users/nikhil/Desktop/SIH/NIRMAN AI/data/raw/paimana/zip/publications_reports1756205845020_02889be0-ee2a-48e5-a4bd-f381340b5d88_FR_JUNE_2025-compressed.pdf,0d06a793906fe97ff1b081574f4b3d8d3887d2e4f424a0d20204d9d7f0a9214e,unknown_report,2025,6,234,pdfplumber,success,1776,,
publications_reports1756206154816_7c606055-2946-4b96-b9ef-ab36ab17412e_FlashReport_July_2025,/Users/nikhil/Desktop/SIH/NIRMAN AI/data/raw/paimana/zip/publications_reports1756206154816_7c606055-2946-4b96-b9ef-ab36ab17412e_FlashReport_July_2025.pdf,20599d92c3e417e6a51dda2a3f95d2878dbe5927bac807d640194922df165446,flash_report,2025,7,67,pdfplumber,warning,0,no_project_rows_extracted,
publications_reports1757323195920_0a3b66ed-cd2a-416c-af7c-3a5a15b4b2a3_Review_Report_June_2025,/Users/nikhil/Desktop/SIH/NIRMAN AI/data/raw/paimana/zip/publications_reports1757323195920_0a3b66ed-cd2a-416c-af7c-3a5a15b4b2a3_Review_Report_June_2025.pdf,1006e89776e76096ce749557d1a6b8d8ad05d2297d6807395bba560b991bf6b6,review_report,2025,6,50,pdfplumber,warning,0,no_project_rows_extracted,
publications_reports1758720724938_7caac9b7-b02f-4da9-9d44-88497e5004d2_FlashReport_August_2025_c,/Users/nikhil/Desktop/SIH/NIRMAN AI/data/raw/paimana/zip/publications_reports1758720724938_7caac9b7-b02f-4da9-9d44-88497e5004d2_FlashReport_August_2025_c.pdf,bdbc84a312bf10fb3af060bb50503461b37a833f01234ba800f52f7b5f19a7f8,flash_report,2025,8,67,pdfplumber,warning,0,no_project_rows_extracted,
publications_reports1758720829831_417e80d2-793a-4435-bbec-bfa85e99d51b_Review_Report_July_2025,/Users/nikhil/Desktop/SIH/NIRMAN AI/data/raw/paimana/zip/publications_reports1758720829831_417e80d2-793a-4435-bbec-bfa85e99d51b_Review_Report_July_2025.pdf,f8c7f4613e12747444563c56d5f0eda4b6d8d2500af600280ce8500100824320,review_report,2025,7,56,pdfplumber,warning,0,no_project_rows_extracted,
publications_reports1760599251105_6687210c-4bc0-432f-88e9-c6366895e5ed_FlashReport_September_2025,/Users/nikhil/Desktop/SIH/NIRMAN AI/data/raw/paimana/zip/publications_reports1760599251105_6687210c-4bc0-432f-88e9-c6366895e5ed_FlashReport_September_2025.pdf,248a204eb4ba2144db7ac82cab54daae100c76d4b131e25d1f8dc639f6d8c37f,flash_report,2025,9,72,pdfplumber,warning,0,no_project_rows_extracted,
publications_reports1763360542965_2f205d1a-a299-4ecc-bd8e-90be1b136d0a_FlashReport_October_2025,/Users/nikhil/Desktop/SIH/NIRMAN AI/data/raw/paimana/zip/publications_reports1763360542965_2f205d1a-a299-4ecc-bd8e-90be1b136d0a_FlashReport_October_2025.pdf,4817bb54e983b63233e4538fb2e7adf80c6204a2a976021a71d126e9003edbc3,flash_report,2025,10,73,pdfplumber,warning,0,no_project_rows_extracted,
publications_reports1763361645425_e6de1595-4fa0-49d5-8ee9-a3fbf7af5da9_FlashReport_September_2025_(1),/Users/nikhil/Desktop/SIH/NIRMAN AI/data/raw/paimana/zip/publications_reports1763361645425_e6de1595-4fa0-49d5-8ee9-a3fbf7af5da9_FlashReport_September_2025_(1).pdf,520f100f2752c07c7d8e1180cce2258a6966d21b6e37fcbecca0b098835ef318,flash_report,2025,9,72,pdfplumber,warning,0,no_project_rows_extracted,
publications_reports1766750411889_7ee823bf-ce0a-428c-9c38-4f12ee328f76_FlashReport_November_2025,/Users/nikhil/Desktop/SIH/NIRMAN AI/data/raw/paimana/zip/publications_reports1766750411889_7ee823bf-ce0a-428c-9c38-4f12ee328f76_FlashReport_November_2025.pdf,db9e2eff8a2ecc21285280fd85dfbb4df9ef99cbda74987ccd4a3edcbff28eb9,flash_report,2025,11,73,pdfplumber,warning,0,no_project_rows_extracted,
publications_reports1769671627281_5812a634-546b-405d-921c-f84c4da453dc_FlashReport_December_2025,/Users/nikhil/Desktop/SIH/NIRMAN AI/data/raw/paimana/zip/publications_reports1769671627281_5812a634-546b-405d-921c-f84c4da453dc_FlashReport_December_2025.pdf,07f56e5457c63192ae7b5b4036f975f7eb058a3364a25a87cdc6ce2369082401,flash_report,2025,12,108,pdfplumber,warning,0,no_project_rows_extracted,
publications_reports1772017844123_8f224826-9294-4ae7-abf9-8e7d6d18f4a4_FlashReport_January_2026,/Users/nikhil/Desktop/SIH/NIRMAN AI/data/raw/paimana/zip/publications_reports1772017844123_8f224826-9294-4ae7-abf9-8e7d6d18f4a4_FlashReport_January_2026.pdf,9c043ad4a0acb01dd6f00fe2dbca60f812ffa981daa5143b24f7c5ec37f64c83,flash_report,2026,1,134,pdfplumber,warning,0,no_project_rows_extracted,
publications_reports1777023713556_6e42b5c9-26c0-4301-8b74-7a12428cc83d_FlashReport_March_2026,/Users/nikhil/Desktop/SIH/NIRMAN AI/data/raw/paimana/zip/publications_reports1777023713556_6e42b5c9-26c0-4301-8b74-7a12428cc83d_FlashReport_March_2026.pdf,1381c84c6f0ced79f1f0fecd7cde15fed1f6cc9c9c43cdfb42b3c32cfe648e9f,flash_report,2026,3,158,pdfplumber,warning,0,no_project_rows_extracted,
publications_reports1779688125413_332125c5-1fb9-4d23-87ca-dd89fc14cd15_Flash_Report_April_2026,/Users/nikhil/Desktop/SIH/NIRMAN AI/data/raw/paimana/zip/publications_reports1779688125413_332125c5-1fb9-4d23-87ca-dd89fc14cd15_Flash_Report_April_2026.pdf,1b7b0b3dee8e0316aa25c440180e548488853ff1598fe7a2ec1c4a56735d0f80,flash_report,2026,4,163,pdfplumber,warning,0,no_project_rows_extracted,
publications_reports1782388627305_2544b8eb-3ea2-40eb-ab6e-b150c40c4a9e_FlashReport_May_2026,/Users/nikhil/Desktop/SIH/NIRMAN AI/data/raw/paimana/zip/publications_reports1782388627305_2544b8eb-3ea2-40eb-ab6e-b150c40c4a9e_FlashReport_May_2026.pdf,5b7268b69273d94a289832fd3ac9eff7f36e823327c4443b6b568f6e3878c8e4,flash_report,2026,5,159,pdfplumber,warning,0,no_project_rows_extracted,
publications_reports1785229543014_f9b01e19-0a7a-4975-9276-34e02259c2e0_FlashReport_June_2026_,/Users/nikhil/Desktop/SIH/NIRMAN AI/data/raw/paimana/zip/publications_reports1785229543014_f9b01e19-0a7a-4975-9276-34e02259c2e0_FlashReport_June_2026_.pdf,d26872ac9336b451d311e823646560d29d8a6c2fbc9fdca9fd78fc22fd08ca15,flash_report,2026,6,161,pdfplumber,warning,0,no_project_rows_extracted,
publications_reports1787656864174_db1695c9-b038-4c20-964f-8cf5f2cdda5f_FlashReport_July_2026_,/Users/nikhil/Desktop/SIH/NIRMAN AI/data/raw/paimana/zip/publications_reports1787656864174_db1695c9-b038-4c20-964f-8cf5f2cdda5f_FlashReport_July_2026_.pdf,dcf52cea3b2ed6f97a49739af833f877c2afb55f61d5c43cb162f97ef6f3a9f3,flash_report,2026,7,153,pdfplumber,warning,0,no_project_rows_extracted,
